order_id,product_id,route_id,quantity,due_date,created_date,release_date,facility_id,customer_id,priority_class,commitment_class
ORD-FILL-1,P-FILL,RT-FILL,1,2026-01-05,2026-01-05,2026-01-05,F001,,,standard
ORD-FILL-2,P-FILL,RT-FILL,1,2026-01-06,2026-01-05,2026-01-05,F001,,,standard
ORD-FILL-3,P-FILL,RT-FILL,1,2026-01-07,2026-01-05,2026-01-05,F001,,,standard
ORD-FILL-4,P-FILL,RT-FILL,1,2026-01-08,2026-01-05,2026-01-05,F001,,,standard
ORD-FILL-5,P-FILL,RT-FILL,1,2026-01-09,2026-01-05,2026-01-05,F001,,,standard
ORD-EARLY,P-EARLY,RT-EARLY,1,2026-01-30,2026-01-05,2026-01-05,F001,,,standard
ORD-BOX,P-BOX,RT-BOX,1,2026-01-16,2026-01-05,2026-01-13,F001,,,standard
ORD-PACK,P-PACK,RT-PACK,1,2026-01-30,2026-01-05,2026-01-05,F001,,,standard
ORD-SPAN,P-SPAN,RT-SPAN,1,2026-01-30,2026-01-05,2026-01-05,F001,,,standard
